"0","```r
library(cluster)
library(dplyr)
```"
"1","Registered S3 method overwritten by 'dplyr':
  method           from
  print.rowwise_df     

Attaching package: ã¤¼ã¸±dplyrã¤¼ã¸²

The following objects are masked from ã¤¼ã¸±package:statsã¤¼ã¸²:

    filter, lag

The following objects are masked from ã¤¼ã¸±package:baseã¤¼ã¸²:

    intersect, setdiff, setequal, union
"
"0","```r
library(ggplot2)
library(readr)
library(Rtsne)
```"
"1","package ã¤¼ã¸±Rtsneã¤¼ã¸² was built under R version 3.6.3
"
"0","```r
library(dbscan)
```"
"1","package ã¤¼ã¸±dbscanã¤¼ã¸² was built under R version 3.6.3
"
